{"rating": {"\u0430\u043d\u0438\u043c\u0435": 7.6, "\u0431\u0438\u043e\u0433\u0440\u0430\u0444\u0438\u044f": 7.19298245614035, "\u0431\u043e\u0435\u0432\u0438\u043a": 6.348500881834215, "\u0432\u0435\u0441\u0442\u0435\u0440\u043d": 6.819298245614035, "\u0432\u043e\u0435\u043d\u043d\u044b\u0439": 7.371428571428571, "\u0434\u0435\u0442\u0435\u043a\u0442\u0438\u0432": 6.504255319148936, "\u0434\u043b\u044f \u0432\u0437\u0440\u043e\u0441\u043b\u044b\u0445": 4.95, "\u0434\u043e\u043a\u0443\u043c\u0435\u043d\u0442\u0430\u043b\u044c\u043d\u044b\u0439": 7.069010416666666, "\u0434\u0440\u0430\u043c\u0430": 6.695763580457807, "\u0438\u0441\u0442\u043e\u0440\u0438\u044f": 7.85, "\u043a\u043e\u043c\u0435\u0434\u0438\u044f": 6.214004629629629, "\u043a\u043e\u0440\u043e\u0442\u043a\u043e\u043c\u0435\u0442\u0440\u0430\u0436\u043a\u0430": 5.6, "\u043a\u0440\u0438\u043c\u0438\u043d\u0430\u043b": 6.961904761904762, "\u043c\u0435\u043b\u043e\u0434\u0440\u0430\u043c\u0430": 6.460980392156863, "\u043c\u0443\u0437\u044b\u043a\u0430": 6.75, "\u043c\u0443\u043b\u044c\u0442\u0444\u0438\u043b\u044c\u043c": 6.993593314763232, "\u043c\u044e\u0437\u0438\u043a\u043b": 6.552247191011236, "\u043f\u0440\u0438\u043a\u043b\u044e\u0447\u0435\u043d\u0438\u044f": 6.86875, "\u0441\u0435\u043c\u0435\u0439\u043d\u044b\u0439": 6.46, "\u0441\u043f\u043e\u0440\u0442": 6.907692307692308, "\u0442\u0440\u0438\u043b\u043b\u0435\u0440": 6.4459325396825395, "\u0443\u0436\u0430\u0441\u044b": 5.581464318813717, "\u0444\u0430\u043d\u0442\u0430\u0441\u0442\u0438\u043a\u0430": 6.361990950226244, "\u0444\u0438\u043b\u044c\u043c-\u043d\u0443\u0430\u0440": 7.013333333333334, "\u0444\u044d\u043d\u0442\u0435\u0437\u0438": 6.457682619647355}, "production_year": {"\u0430\u043d\u0438\u043c\u0435": 1991.5, "\u0431\u0438\u043e\u0433\u0440\u0430\u0444\u0438\u044f": 2011.1896551724137, "\u0431\u043e\u0435\u0432\u0438\u043a": 2000.4107438016529, "\u0432\u0435\u0441\u0442\u0435\u0440\u043d": 1977.4342105263158, "\u0432\u043e\u0435\u043d\u043d\u044b\u0439": 1993.5333333333333, "\u0434\u0435\u0442\u0435\u043a\u0442\u0438\u0432": 2006.530612244898, "\u0434\u043b\u044f \u0432\u0437\u0440\u043e\u0441\u043b\u044b\u0445": 1972.0, "\u0434\u043e\u043a\u0443\u043c\u0435\u043d\u0442\u0430\u043b\u044c\u043d\u044b\u0439": 2008.2220888355341, "\u0434\u0440\u0430\u043c\u0430": 1998.7097677022111, "\u0438\u0441\u0442\u043e\u0440\u0438\u044f": 2006.25, "\u043a\u043e\u043c\u0435\u0434\u0438\u044f": 1999.95960591133, "\u043a\u043e\u0440\u043e\u0442\u043a\u043e\u043c\u0435\u0442\u0440\u0430\u0436\u043a\u0430": 1982.6, "\u043a\u0440\u0438\u043c\u0438\u043d\u0430\u043b": 2005.1162790697674, "\u043c\u0435\u043b\u043e\u0434\u0440\u0430\u043c\u0430": 1996.9584717607972, "\u043c\u0443\u0437\u044b\u043a\u0430": 2008.2, "\u043c\u0443\u043b\u044c\u0442\u0444\u0438\u043b\u044c\u043c": 2004.5736842105264, "\u043c\u044e\u0437\u0438\u043a\u043b": 1981.4888888888888, "\u043f\u0440\u0438\u043a\u043b\u044e\u0447\u0435\u043d\u0438\u044f": 1993.8974358974358, "\u0441\u0435\u043c\u0435\u0439\u043d\u044b\u0439": 2005.2727272727273, "\u0441\u043f\u043e\u0440\u0442": 2008.357142857143, "\u0442\u0440\u0438\u043b\u043b\u0435\u0440": 2003.0316455696202, "\u0443\u0436\u0430\u0441\u044b": 2005.5545851528384, "\u0444\u0430\u043d\u0442\u0430\u0441\u0442\u0438\u043a\u0430": 2003.1654676258993, "\u0444\u0438\u043b\u044c\u043c-\u043d\u0443\u0430\u0440": 1949.862745098039, "\u0444\u044d\u043d\u0442\u0435\u0437\u0438": 2002.2901678657074}, "duration": {"\u0430\u043d\u0438\u043c\u0435": 92.0, "\u0431\u0438\u043e\u0433\u0440\u0430\u0444\u0438\u044f": 126.93103448275862, "\u0431\u043e\u0435\u0432\u0438\u043a": 105.34876033057851, "\u0432\u0435\u0441\u0442\u0435\u0440\u043d": 109.19736842105263, "\u0432\u043e\u0435\u043d\u043d\u044b\u0439": 142.66666666666666, "\u0434\u0435\u0442\u0435\u043a\u0442\u0438\u0432": 112.42857142857143, "\u0434\u043b\u044f \u0432\u0437\u0440\u043e\u0441\u043b\u044b\u0445": 67.5, "\u0434\u043e\u043a\u0443\u043c\u0435\u043d\u0442\u0430\u043b\u044c\u043d\u044b\u0439": 93.81752701080433, "\u0434\u0440\u0430\u043c\u0430": 105.99944024629163, "\u0438\u0441\u0442\u043e\u0440\u0438\u044f": 146.25, "\u043a\u043e\u043c\u0435\u0434\u0438\u044f": 95.67389162561577, "\u043a\u043e\u0440\u043e\u0442\u043a\u043e\u043c\u0435\u0442\u0440\u0430\u0436\u043a\u0430": 14.8, "\u043a\u0440\u0438\u043c\u0438\u043d\u0430\u043b": 114.4186046511628, "\u043c\u0435\u043b\u043e\u0434\u0440\u0430\u043c\u0430": 99.53820598006645, "\u043c\u0443\u0437\u044b\u043a\u0430": 97.8, "\u043c\u0443\u043b\u044c\u0442\u0444\u0438\u043b\u044c\u043c": 88.12894736842105, "\u043c\u044e\u0437\u0438\u043a\u043b": 110.41333333333333, "\u043f\u0440\u0438\u043a\u043b\u044e\u0447\u0435\u043d\u0438\u044f": 107.94871794871794, "\u0441\u0435\u043c\u0435\u0439\u043d\u044b\u0439": 98.18181818181819, "\u0441\u043f\u043e\u0440\u0442": 105.85714285714286, "\u0442\u0440\u0438\u043b\u043b\u0435\u0440": 103.95298372513562, "\u0443\u0436\u0430\u0441\u044b": 94.63318777292577, "\u0444\u0430\u043d\u0442\u0430\u0441\u0442\u0438\u043a\u0430": 108.41726618705036, "\u0444\u0438\u043b\u044c\u043c-\u043d\u0443\u0430\u0440": 97.86274509803921, "\u0444\u044d\u043d\u0442\u0435\u0437\u0438": 103.74340527577938}, "budget": {"\u0430\u043d\u0438\u043c\u0435": 137000000.0, "\u0431\u0438\u043e\u0433\u0440\u0430\u0444\u0438\u044f": 38657054.05405405, "\u0431\u043e\u0435\u0432\u0438\u043a": 39390215.67272727, "\u0432\u0435\u0441\u0442\u0435\u0440\u043d": 21480921.30952381, "\u0432\u043e\u0435\u043d\u043d\u044b\u0439": 61541666.666666664, "\u0434\u0435\u0442\u0435\u043a\u0442\u0438\u0432": 30953714.285714287, "\u0434\u043b\u044f \u0432\u0437\u0440\u043e\u0441\u043b\u044b\u0445": 41000.0, "\u0434\u043e\u043a\u0443\u043c\u0435\u043d\u0442\u0430\u043b\u044c\u043d\u044b\u0439": 3181354.3181818184, "\u0434\u0440\u0430\u043c\u0430": 15338528.770776752, "\u0438\u0441\u0442\u043e\u0440\u0438\u044f": 78333333.33333333, "\u043a\u043e\u043c\u0435\u0434\u0438\u044f": 22235437.828422878, "\u043a\u043e\u0440\u043e\u0442\u043a\u043e\u043c\u0435\u0442\u0440\u0430\u0436\u043a\u0430": 14000.0, "\u043a\u0440\u0438\u043c\u0438\u043d\u0430\u043b": 34709090.90909091, "\u043c\u0435\u043b\u043e\u0434\u0440\u0430\u043c\u0430": 20675084.252396166, "\u043c\u0443\u0437\u044b\u043a\u0430": 13387500.0, "\u043c\u0443\u043b\u044c\u0442\u0444\u0438\u043b\u044c\u043c": 76824034.83870968, "\u043c\u044e\u0437\u0438\u043a\u043b": 20471416.810457516, "\u043f\u0440\u0438\u043a\u043b\u044e\u0447\u0435\u043d\u0438\u044f": 62881608.69565218, "\u0441\u0435\u043c\u0435\u0439\u043d\u044b\u0439": 44857142.85714286, "\u0441\u043f\u043e\u0440\u0442": 26400000.0, "\u0442\u0440\u0438\u043b\u043b\u0435\u0440": 20635465.661466457, "\u0443\u0436\u0430\u0441\u044b": 15087496.420740739, "\u0444\u0430\u043d\u0442\u0430\u0441\u0442\u0438\u043a\u0430": 76391858.71217713, "\u0444\u0438\u043b\u044c\u043c-\u043d\u0443\u0430\u0440": 1287791.8648648649, "\u0444\u044d\u043d\u0442\u0435\u0437\u0438": 58972095.5704698}, "target_log": {"\u0430\u043d\u0438\u043c\u0435": 15.792345418280725, "\u0431\u0438\u043e\u0433\u0440\u0430\u0444\u0438\u044f": 16.212190383460452, "\u0431\u043e\u0435\u0432\u0438\u043a": 15.629764895666016, "\u0432\u0435\u0441\u0442\u0435\u0440\u043d": 14.842870448706071, "\u0432\u043e\u0435\u043d\u043d\u044b\u0439": 18.012229606448305, "\u0434\u0435\u0442\u0435\u043a\u0442\u0438\u0432": 15.642391361705608, "\u0434\u043b\u044f \u0432\u0437\u0440\u043e\u0441\u043b\u044b\u0445": 17.67485332667462, "\u0434\u043e\u043a\u0443\u043c\u0435\u043d\u0442\u0430\u043b\u044c\u043d\u044b\u0439": 12.262285367760693, "\u0434\u0440\u0430\u043c\u0430": 14.174025233060897, "\u0438\u0441\u0442\u043e\u0440\u0438\u044f": 18.218312775714782, "\u043a\u043e\u043c\u0435\u0434\u0438\u044f": 15.081437679313614, "\u043a\u043e\u0440\u043e\u0442\u043a\u043e\u043c\u0435\u0442\u0440\u0430\u0436\u043a\u0430": 11.432618405358706, "\u043a\u0440\u0438\u043c\u0438\u043d\u0430\u043b": 15.87208572604174,