{"MSE": 5441115264288344.0, "MAE": 27804524.413687844, "R2": 0.6820689876947292, "WAPE_%": 55.49730245428425}